Original Name -> New Name
--------------------------------------------------
Adeloidea_Adelidae_Adelinae_Nemophora_degeerella_INShauTABRAAPEI__93 -> Ade_Ade
Adeloidea_Prodoxidae_Tegeticula_yuccasella_Tyu4 -> Ade_Pro
Agathiphagoidea_Agathiphagidae_Agathiphaga_queenslandensis_Aga3 -> Aga_Aga
Alucitoidea_Alucitidae_Alucita_desmodactyla_ANIsrmTAAORAAPEI__215 -> Alu_Alu
Andesianoidea_Andesianidae_Andesiana_lamellata_RINSinlTEARAAPEI__62 -> And_And
B -> B
Bombycoidea_Bombycidae_Bombyx_mori_BMORI -> Bom_Bom
Bombycoidea_Brahmaeidae_Brahmaea_hearseyi_RINSinlTDQRAAPEI__35 -> Bom_Bra
Bombycoidea_Endromidae_Mustilizans_dierli_RINSinlTDURAAPEI__43 -> Bom_End
Bombycoidea_Eupterotidae_Eupterotinae_Ganisa_similis_RINSinlTDMRAAPEI__136 -> Bom_Eup
Bombycoidea_Saturniidae_Hemileucinae_Hemileuca_maia_BuckH -> Bom_Sat_1
Bombycoidea_Saturniidae_Oxyteninae_Therinia_lactucina_FG120016 -> Bom_Sat
Bombycoidea_Saturniidae_Saturniinae_Actias_luna_acti2 -> Bom_Sat_2
Bombycoidea_Saturniidae_Saturniinae_Attacus_atlas_Attac -> Bom_Sat_4
Bombycoidea_Saturniidae_Saturniinae_Saturnia_pyri_INShkeTACRAAPEI__87 -> Bom_Sat_3
Bombycoidea_Sphingidae_Macroglossinae_Darapsa_myron_Dara -> Bom_Sph_1
Bombycoidea_Sphingidae_Macroglossinae_Enyo_lugubris_elug1 -> Bom_Sph_7
Bombycoidea_Sphingidae_Macroglossinae_Hemaris_diffinis_HEMA2 -> Bom_Sph_6
Bombycoidea_Sphingidae_Macroglossinae_Hyles_euphorbiae_INSinlTAYRAAPEI__56 -> Bom_Sph_2
Bombycoidea_Sphingidae_Macroglossinae_Macroglossum_pyrrhosticta_MacrH -> Bom_Sph
Bombycoidea_Sphingidae_Macroglossinae_Xylophanes_tersa_Xter2 -> Bom_Sph_3
Bombycoidea_Sphingidae_Sphinginae_Ceratomia_undulosa_cunda3 -> Bom_Sph_5
Bombycoidea_Sphingidae_Sphinginae_Sphinx_pinastri_INShauTAZRAAPEI__20 -> Bom_Sph_4
Choreutoidea_Choreutidae_Choreutinae_Hemerophila_diva_Cor5 -> Cho_Cho
Coleoptera_Tenebrionidae_Tenebrioninae_Tribolium_castaneum_TCAST -> Col_Ten
Cossoidea_Cossidae_Archaeoses_polygrapha_Arc -> Cos_Cos_2
Cossoidea_Cossidae_Cossinae_Culama_sp_Cul2 -> Cos_Cos_3
Cossoidea_Cossidae_Cossinae_Prionoxystus_robiniae_Prob2 -> Cos_Cos_1
Cossoidea_Cossidae_Cossulinae_Spinulata_maruga_Mar -> Cos_Cos
Cossoidea_Cossidae_Hypoptinae_Givira_mucida_Giv2 -> Cos_Cos_4
Cossoidea_Cossidae_Zeuzerinae_Morpheis_pyracmon_INSerlTAQRAAPEI__118 -> Cos_Cos_5
Cossoidea_Cossidae_Zeuzerinae_Psychonoctua_personalis_Ppr2 -> Cos_Cos_6
D -> D
Diptera_Culicidae_Anophelinae_Anopheles_gambiae -> Dip_Cul
Diptera_Drosophilidae_Drosophilinae_Drosophila_melanogaster -> Dip_Dro
Diptera_Tachinidae_Tachininae_Triarthria_setipennis -> Dip_Tac
Drepanoidea_Cimeliidae_Axia_margarita_Ax -> Dre_Cim
Drepanoidea_Doidae_Doa_sp_Do2 -> Dre_Doi
Drepanoidea_Drepanidae_Cyclidiinae_Cyclidia_substigmaria_Dcy -> Dre_Dre
Drepanoidea_Drepanidae_Drepaninae_Macrauzata_submontana_RINSinlTDPRAAPEI__34 -> Dre_Dre_2
Drepanoidea_Drepanidae_Drepaninae_Tridrepana_flava_SW130064 -> Dre_Dre_1
Drepanoidea_Drepanidae_Thyatirinae_Pseudothyatira_cymatophoroides_Pc -> Dre_Dre_3
Drepanoidea_Drepanidae_Thyatirinae_Thyatira_batis_INSnfrTBCRAAPEI__17 -> Dre_Dre_4
Eriocranioidea_Eriocraniidae_Dyseriocrania_subpurpurella_INSbusTBDRAAPEI__79 -> Eri_Eri
Gelechioidea_Autostichidae_Autostichinae_Autosticha_sp_RINSinlTDTRAAPEI__41 -> Gel_Aut
Gelechioidea_Cosmopterigidae_Cosmopteriginae_Hyposmocoma_kahamanoa_RINysjTAAABRAAPEI__215 -> Gel_Cos
Gelechioidea_Depressariidae_Psilocorsis_reflexella_Psi -> Gel_Dep_1
Gelechioidea_Depressariidae_Stenomatinae_Antaeotricha_schlaegeri_Ant -> Gel_Dep
Gelechioidea_Gelechiidae_Dichomeridinae_Dichomeris_punctidiscella_Dch -> Gel_Gel
Gelechioidea_Gelechiidae_Gelechiinae_Tuta_absoluta -> Gel_Gel_1
Geometroidea_Epicopeiidae_Epicopeia_hainseii_Epc3 -> Geo_Epi
Geometroidea_Geometridae_Ennominae_Biston_betularia_Bb -> Geo_Geo_5
Geometroidea_Geometridae_Ennominae_Ectropis_obliqua -> Geo_Geo_4
Geometroidea_Geometridae_Ennominae_Macaria_distribuaria_GNV120029 -> Geo_Geo_3
Geometroidea_Geometridae_Geometrinae_Chlorosea_margaretaria_Chl -> Geo_Geo_1
Geometroidea_Geometridae_Geometrinae_Nemoria_lixaria_GNV120032 -> Geo_Geo
Geometroidea_Geometridae_Larentiinae_Operophtera_brumata -> Geo_Geo_6
Geometroidea_Geometridae_Sterrhinae_Idaea_sp_Id -> Geo_Geo_2
Geometroidea_Sematuridae_Sematurinae_Mania_lunus_INSerlTAWRABPEI__19 -> Geo_Sem
Geometroidea_Uraniidae_Epipleminae_Calledapteryx_dryopterata_Cal -> Geo_Ura
Geometroidea_Uraniidae_Uraniinae_Lyssa_zampa_RINSinlTDLRAAPEI__126 -> Geo_Ura_1
Gracillarioidea_Bucculatricidae_Bucculatrix_cristatella_ANIsrmTAASRAAPEI__220 -> Gra_Buc
Gracillarioidea_Gracillariidae_Acrocercopinae_Acrocercops_transecta -> Gra_Gra
Gracillarioidea_Gracillariidae_Gracillariinae_Caloptilia_triadicae_calo -> Gra_Gra_4
Gracillarioidea_Gracillariidae_Lithocolletinae_Cameraria_ohridella_INSeqtTDMRAAPEI__95 -> Gra_Gra_2
Gracillarioidea_Gracillariidae_Ornixolinae_Philodoria_sp_CJ260 -> Gra_Gra_1
Gracillarioidea_Gracillariidae_Phyllocnistinae_Phyllocnistis_citrella_Pcit2 -> Gra_Gra_3
Hepialoidea_Hepialidae_Phymatopus_californicus_Phm -> Hep_Hep
Hepialoidea_Hepialidae_Triodia_sylvina_INSnfrTAVRAAPEI__9 -> Hep_Hep_1
Heterobathmioidea_Heterobathmiidae_Heterobathmia_sp_Hsp -> Het_Het
Immoidea_Immidae_Imma_tetrascia_Imm -> Imm_Imm
Lasiocampoidea_Lasiocampidae_Dendrolimus_pini_INSlupTBORAAPEI__36 -> Las_Las
Lasiocampoidea_Lasiocampidae_Macromphaliinae_Tolype_notialis_Tol -> Las_Las_1
Lophocoronoidea_Lophocoronidae_Lophocorona_astipica_Loas -> Lop_Lop
Mecoptera_Bittacidae_Bittacus_pilicornis_ -> Mec_Bit
Mecoptera_Boreidae_Boreus_hyemalis -> Mec_Bor
Micropterigoidea_Micropterigidae_Micropterix_calthella_Mica__N -> Mic_Mic
Mimallonoidea_Mimallonidae_Lacosoma_chiridota_Mim -> Mim_Mim_1
Mimallonoidea_Mimallonidae_Menevia_lantona_INSerlTBRRAAPEI__75 -> Mim_Mim
Neopseustoidea_Acanthopteroctetidae_Acanthopteroctetes_unifascia_Aca4 -> Neo_Aca
Neopseustoidea_Neopseustidae_Neopseustinae_Neopseustis_meyricki_RINSinlTEERAAPEI__79 -> Neo_Neo
Noctuoidea_Erebidae_Arctiinae_Amata_phegea_INShauTAERAAPEI__8 -> Noc_Ere_3
Noctuoidea_Erebidae_Arctiinae_Arctia_plantaginis_ERR1466856 -> Noc_Ere_5
Noctuoidea_Erebidae_Arctiinae_Auriculoceryx_pterodactyliformis_RINSinlTDRRAAPEI__36 -> Noc_Ere_2
Noctuoidea_Erebidae_Arctiinae_Melese_sp_FG120095 -> Noc_Ere_6
Noctuoidea_Erebidae_Arctiinae_Phragmatobia_fuliginosa_INShauTBDRAAPEI__31 -> Noc_Ere_4
Noctuoidea_Erebidae_Calpinae_Eudocima_salaminia_SW130232 -> Noc_Ere_1
Noctuoidea_Erebidae_Calpinae_Phyllodes_eyndhovii_RINSinlTDNRAAPEI__171 -> Noc_Ere
Noctuoidea_Erebidae_Lymantriinae_Euproctis_chrysorrhoea -> Noc_Ere_8
Noctuoidea_Erebidae_Lymantriinae_Lymantria_dispar_Ly3 -> Noc_Ere_7
Noctuoidea_Euteliidae_Anigraea_sp_SW130103 -> Noc_Eut
Noctuoidea_Noctuidae_Amphipyrinae_Amphipyra_pyramidea_INShauTAVRAAPEI__16 -> Noc_Noc_2
Noctuoidea_Noctuidae_Amphipyrinae_Sesamia_inferens -> Noc_Noc
Noctuoidea_Noctuidae_Heliothinae_Helicoverpa_zea_Hz2 -> Noc_Noc_4
Noctuoidea_Noctuidae_Heliothinae_Heliothis_virescens_Hv -> Noc_Noc_3
Noctuoidea_Noctuidae_Noctuinae_Agrotis_infusa_WHANIsrmTMATRAAPEI__46 -> Noc_Noc_8
Noctuoidea_Noctuidae_Noctuinae_Mythimna_separata -> Noc_Noc_7
Noctuoidea_Noctuidae_Noctuinae_Spodoptera_exigua_Noctuoidea -> Noc_Noc_5
Noctuoidea_Noctuidae_Noctuinae_Spodoptera_frugiperda -> Noc_Noc_6
Noctuoidea_Noctuidae_Noctuinae_Striacosta_albicosta_Striacosta -> Noc_Noc_1
Noctuoidea_Notodontidae_Notodontinae_Pheosia_gnoma_INSqiqTBHRAAPEI__71 -> Noc_Not
Noctuoidea_Notodontidae_Nystaleinae_Notoplusia_minuta_FG120015 -> Noc_Not_1
Palaephatoidea_Palaephatidae_Metaphatus_ochraceus_Met4 -> Pal_Pal_1
Palaephatoidea_Palaephatidae_Palaephatus_luteolus_Pal -> Pal_Pal
Palaephatoidea_Palaephatidae_Ptyssoptera_sp_Ptys -> Pal_Pal_2
Papilionoidea_Hedylidae_Macrosoma_sp_RINSinlTEBRAAPEI__71 -> Pap_Hed
Papilionoidea_Hesperiidae_Eudamiinae_Urbanus_proteus_INSerlTBFRAAPEI__36 -> Pap_Hes_1
Papilionoidea_Hesperiidae_Hesperiinae_Hylephila_phyleus_GNV120020 -> Pap_Hes_2
Papilionoidea_Hesperiidae_Hesperiinae_Lerema_accius -> Pap_Hes
Papilionoidea_Hesperiidae_Hesperiinae_Thymelicus_sylvestris -> Pap_Hes_4
Papilionoidea_Hesperiidae_Megathyminae_Megathymus_yuccae_GNV139000 -> Pap_Hes_3
Papilionoidea_Lycaenidae_Polyommatinae_Hemiargus_ceraunus_GNV120025 -> Pap_Lyc_2
Papilionoidea_Lycaenidae_Polyommatinae_Polyommatus_icarus_INShauTBGRAAPEI__35 -> Pap_Lyc_3
Papilionoidea_Lycaenidae_Theclinae_Calycopis_cecrops_Papilionoidea -> Pap_Lyc_1
Papilionoidea_Lycaenidae_Theclinae_Cigaritis_takanonis_Papilionoidea -> Pap_Lyc
Papilionoidea_Nymphalidae_Danainae_Danaus_plexippus_DPLEX -> Pap_Nym
Papilionoidea_Nymphalidae_Heliconiinae_Heliconius_melpomene_Papilionoidea -> Pap_Nym_2
Papilionoidea_Nymphalidae_Nymphalinae_Junonia_coenia -> Pap_Nym_3
Papilionoidea_Nymphalidae_Nymphalinae_Melitaea_cinxia -> Pap_Nym_1
Papilionoidea_Nymphalidae_Satyrinae_Bicyclus_anynana_INShkeTATRAAPEI__56 -> Pap_Nym_5
Papilionoidea_Nymphalidae_Satyrinae_Maniola_jurtina -> Pap_Nym_6
Papilionoidea_Nymphalidae_Satyrinae_Pararge_aegeria_INSfrgTADRAAPEI__22 -> Pap_Nym_4
Papilionoidea_Papilionidae_Papilioninae_Papilio_glaucus_SRR850324 -> Pap_Pap_3
Papilionoidea_Papilionidae_Papilioninae_Papilio_machaon_Papilionoidea -> Pap_Pap_2
Papilionoidea_Papilionidae_Papilioninae_Parides_eurimedes_INSjdsTAJRAAPEI__36 -> Pap_Pap_1
Papilionoidea_Papilionidae_Parnassiinae_Luehdorfia_chinensis -> Pap_Pap
Papilionoidea_Pieridae_Coliadinae_Colias_croceus_INShkeTBFRAAPEI__79 -> Pap_Pie_2
Papilionoidea_Pieridae_Coliadinae_Phoebis_sennae -> Pap_Pie_3
Papilionoidea_Pieridae_Pierinae_Anthocharis_cardamines_INSnfrTAYRAAPEI__13 -> Pap_Pie
Papilionoidea_Pieridae_Pierinae_Ascia_monuste_BRF140001 -> Pap_Pie_1
Papilionoidea_Pieridae_Pierinae_Hebomoia_glaucippe_BRF140003 -> Pap_Pie_4
Papilionoidea_Riodinidae_Riodininae_Mycastor_nealces_INSerlTBMRAAPEI__57 -> Pap_Rio
Papilionoidea_Riodinidae_Riodininae_Semomesia_capanea_FG120077 -> Pap_Rio_1
Pterophoroidea_Pterophoridae_Pterophorinae_Emmelina_monodactyla_Emm -> Pte_Pte_1
Pterophoroidea_Pterophoridae_Pterophorinae_Lantanophaga_pusillidactyla_GNV120027 -> Pte_Pte_2
Pterophoroidea_Pterophoridae_Pterophorinae_Pterophorus_pentadactyla_INSlupTBTRAAPEI__44 -> Pte_Pte
Pyraloidea_Crambidae_Crambinae_Catoptria_falsella_INSlupTAXRAAPEI__11 -> Pyr_Cra_3
Pyraloidea_Crambidae_Crambinae_Catoptria_oregonicus_Cr4 -> Pyr_Cra_2
Pyraloidea_Crambidae_Spilomelinae_Cirrhochrista_sp_RINSinlTDSRAAPEI__37 -> Pyr_Cra_1
Pyraloidea_Crambidae_Spilomelinae_Cnaphalocrocis_medinalis_SRR64791 -> Pyr_Cra
Pyraloidea_Pyralidae_Amyelois_transitella_Pyraloidea -> Pyr_Pyr_2
Pyraloidea_Pyralidae_Galleriinae_Galleria_melonella_Gal -> Pyr_Pyr_3
Pyraloidea_Pyralidae_Phycitinae_Plodia_interpunctella -> Pyr_Pyr_1
Pyraloidea_Pyralidae_Spilomelinae_Spilomela_sp_INSerlTAIRAAPEI__75 -> Pyr_Pyr
Sesioidea_Castniidae_Castniinae_Synemon_plana_Cul -> Ses_Cas_1
Sesioidea_Castniidae_Castniinae_Telchin_licus_SRR1204999 -> Ses_Cas
Sesioidea_Sesiidae_Sesiinae_Bembecia_ichneumoniformis_INSlupTBGRAAPEI__20 -> Ses_Ses_1
Sesioidea_Sesiidae_Sesiinae_Podosesia_syringae_Podo -> Ses_Ses
Sesioidea_Sesiidae_Sesiinae_Vitacea_polistiformis_Vit -> Ses_Ses_2
Siphonaptera_Ceratophyllidae_Ceratophyllinae_Ceratophyllus_gallinae -> Sip_Cer
Siphonaptera_Pulicidae_Archaeopsyllini_Ctenocephalides_felis -> Sip_Pul
T -> T
Thyridoidea_Thyrididae_Canaea_sp_RINSinlTDVRAAPEI__44 -> Thy_Thy_1
Thyridoidea_Thyrididae_Siculodinae_Zeuzerodes_maculata_FG120079 -> Thy_Thy
Thyridoidea_Thyrididae_Striglinae_Striglina_suzukii_Ssk -> Thy_Thy_2
Tineoidea_Dryadaulidae_Dryadaula_visaliella_Dry -> Tin_Dry
Tineoidea_Meessiidae_Meessiinae_Eudarcia_simulatricella_Euds -> Tin_Mee
Tineoidea_Psychidae_Oiketicinae_Thyridopteryx_ephemeraeformis_Tep2 -> Tin_Psy
Tineoidea_Tineidae_Harmacloninae_Harmaclona_sp_RINSinlTDYRAAPEI__57 -> Tin_Tin_1
Tineoidea_Tineidae_Tineinae_Tineola_bisselliella_INSswpTACRAAPEI__13 -> Tin_Tin
Tischerioidea_Tischeriidae_Tischeria_quercitella_Ts2 -> Tis_Tis
Tortricoidea_Tortricidae_Olethreutinae_Cydia_pomonella_Cyd -> Tor_Tor_1
Tortricoidea_Tortricidae_Olethreutinae_Grapholita_dimorpha_SRR803483 -> Tor_Tor_2
Tortricoidea_Tortricidae_Olethreutinae_Phaecasiophora_niveiguttana_Cro -> Tor_Tor
Trichoptera_Helicopsychidae_Helicopsyche_borealis -> Tri_Hel
Trichoptera_Hydropsychidae_Arctopsychinae_Arctopsyche_palpata -> Tri_Hyd
Trichoptera_Leptoceridae_Leptocerinae_Nectopsyche_candida -> Tri_Lep
Trichoptera_Philopotamidae_Philopotaminae_Philopotamus_ludificatus_Philopotamus -> Tri_Phi
Trichoptera_Phryganeidae_Phryganeinae_Ptilostomis_semifasciata -> Tri_Phr
Trichoptera_Polycentropodidae_Polycentropodinae_Plectrocnemia_sp -> Tri_Pol
Trichoptera_Psychomyiidae_Psychomyiinae_Psychomyia_flavida -> Tri_Psy
Trichoptera_Stenopsychidae_Stenopsychodes_sp -> Tri_Ste
Urodoidea_Urodidae_Urodus_decens_Ur2 -> Uro_Uro
Yponomeutoidea_Plutellidae_Plutella_xylostella -> Ypo_Plu
Yponomeutoidea_Yponomeutidae_Yponomeutinae_Yponomeuta_evonymellus_INShauTBFRAAPEI__34 -> Ypo_Ypo
Zygaenoidea_Dalceridae_Dalcerinae_Dalcera_abrasa_FG120035 -> Zyg_Dal
Zygaenoidea_Lacturidae_Lactura_subfervens_Sub -> Zyg_Lac
Zygaenoidea_Limacodidae_Demonarosa_rufotessellata_RINSinlTDXRAAPEI__56 -> Zyg_Lim
Zygaenoidea_Megalopygidae_Megalopyge_crispata_Lag -> Zyg_Meg_1
Zygaenoidea_Megalopygidae_Trosia_sp_INSerlTAFRAAPEI__62 -> Zyg_Meg
Zygaenoidea_Zygaenidae_Zygaeninae_Zygaena_fausta_INSjdsTAWRAAPEI__39 -> Zyg_Zyg
_zz -> _zz
album_INSfrgTAJRAAPEI__20 -> alb_INS
